{"name":"crowdflower_image-attribute-tagging","title":"Image attribute tagging","description":"Contributors viewed thousands of images and categorized each based on a given list of attributes. These attributes ranged from objective and specific (like \"child\" or \"motorbike\") to more subjective ones (like \"afraid\" or \"beautiful\"). Data set includes URLs for all images, multiple tags for each, and contributor agreement scores.   Added: May 13, 2015 by CrowdFlower | Data Rows: 3235 Download Now\n\nSource: https://www.crowdflower.com/data-for-everyone/","homepage":"https://data.world/crowdflower/image-attribute-tagging","license":"Public Domain","resources":[{"name":"image_attribute_tagging_dfe","schema":{"fields":[{"name":"unit_id","title":"_unit_id","type":"integer","rdfType":"http://www.w3.org/2001/XMLSchema#integer","dwSourceId":"unit_id"},{"name":"golden","title":"_golden","type":"boolean","rdfType":"http://www.w3.org/2001/XMLSchema#boolean","dwSourceId":"golden"},{"name":"unit_state","title":"_unit_state","type":"string","rdfType":"http://www.w3.org/2001/XMLSchema#string","dwSourceId":"unit_state"},{"name":"trusted_judgments","title":"_trusted_judgments","type":"integer","rdfType":"http://www.w3.org/2001/XMLSchema#integer","dwSourceId":"trusted_judgments"},{"name":"last_judgment_at","title":"_last_judgment_at","type":"datetime","rdfType":"http://www.w3.org/2001/XMLSchema#dateTime","dwSourceId":"last_judgment_at"},{"name":"category","title":"category","type":"string","rdfType":"http://www.w3.org/2001/XMLSchema#string","dwSourceId":"category"},{"name":"category_confidence","title":"category:confidence","type":"number","rdfType":"http://www.w3.org/2001/XMLSchema#decimal","dwSourceId":"category_confidence"},{"name":"image_broken","title":"image_broken","type":"string","rdfType":"http://www.w3.org/2001/XMLSchema#string","dwSourceId":"image_broken"},{"name":"image_broken_confidence","title":"image_broken:confidence","type":"number","rdfType":"http://www.w3.org/2001/XMLSchema#decimal","dwSourceId":"image_broken_confidence"},{"name":"category_gold","title":"category_gold","type":"string","rdfType":"http://www.w3.org/2001/XMLSchema#string","dwSourceId":"category_gold"},{"name":"image_broken_gold","title":"image_broken_gold","type":"string","rdfType":"http://www.w3.org/2001/XMLSchema#string","dwSourceId":"image_broken_gold"},{"name":"image_url","title":"image_url","type":"string","rdfType":"http://www.w3.org/2001/XMLSchema#anyURI","dwSourceId":"image_url"},{"name":"number","title":"number","type":"integer","rdfType":"http://www.w3.org/2001/XMLSchema#integer","dwSourceId":"number"},{"name":"tag_1","title":"tag_1","type":"string","rdfType":"http://www.w3.org/2001/XMLSchema#string","dwSourceId":"tag_1"},{"name":"tag_10","title":"tag_10","type":"string","rdfType":"http://www.w3.org/2001/XMLSchema#string","dwSourceId":"tag_10"},{"name":"tag_11","title":"tag_11","type":"string","rdfType":"http://www.w3.org/2001/XMLSchema#string","dwSourceId":"tag_11"},{"name":"tag_12","title":"tag_12","type":"string","rdfType":"http://www.w3.org/2001/XMLSchema#string","dwSourceId":"tag_12"},{"name":"tag_13","title":"tag_13","type":"string","rdfType":"http://www.w3.org/2001/XMLSchema#string","dwSourceId":"tag_13"},{"name":"tag_14","title":"tag_14","type":"string","rdfType":"http://www.w3.org/2001/XMLSchema#string","dwSourceId":"tag_14"},{"name":"tag_15","title":"tag_15","type":"string","rdfType":"http://www.w3.org/2001/XMLSchema#string","dwSourceId":"tag_15"},{"name":"tag_16","title":"tag_16","type":"string","rdfType":"http://www.w3.org/2001/XMLSchema#string","dwSourceId":"tag_16"},{"name":"tag_17","title":"tag_17","type":"string","rdfType":"http://www.w3.org/2001/XMLSchema#string","dwSourceId":"tag_17"},{"name":"tag_2","title":"tag_2","type":"string","rdfType":"http://www.w3.org/2001/XMLSchema#string","dwSourceId":"tag_2"},{"name":"tag_3","title":"tag_3","type":"string","rdfType":"http://www.w3.org/2001/XMLSchema#string","dwSourceId":"tag_3"},{"name":"tag_4","title":"tag_4","type":"string","rdfType":"http://www.w3.org/2001/XMLSchema#string","dwSourceId":"tag_4"},{"name":"tag_5","title":"tag_5","type":"string","rdfType":"http://www.w3.org/2001/XMLSchema#string","dwSourceId":"tag_5"},{"name":"tag_6","title":"tag_6","type":"string","rdfType":"http://www.w3.org/2001/XMLSchema#string","dwSourceId":"tag_6"},{"name":"tag_7","title":"tag_7","type":"string","rdfType":"http://www.w3.org/2001/XMLSchema#string","dwSourceId":"tag_7"},{"name":"tag_8","title":"tag_8","type":"string","rdfType":"http://www.w3.org/2001/XMLSchema#string","dwSourceId":"tag_8"},{"name":"tag_9","title":"tag_9","type":"string","rdfType":"http://www.w3.org/2001/XMLSchema#string","dwSourceId":"tag_9"},{"name":"val_1","title":"val_1","type":"string","rdfType":"http://www.w3.org/2001/XMLSchema#string","dwSourceId":"val_1"},{"name":"val_10","title":"val_10","type":"string","rdfType":"http://www.w3.org/2001/XMLSchema#string","dwSourceId":"val_10"},{"name":"val_11","title":"val_11","type":"string","rdfType":"http://www.w3.org/2001/XMLSchema#string","dwSourceId":"val_11"},{"name":"val_12","title":"val_12","type":"string","rdfType":"http://www.w3.org/2001/XMLSchema#string","dwSourceId":"val_12"},{"name":"val_13","title":"val_13","type":"string","rdfType":"http://www.w3.org/2001/XMLSchema#string","dwSourceId":"val_13"},{"name":"val_14","title":"val_14","type":"string","rdfType":"http://www.w3.org/2001/XMLSchema#string","dwSourceId":"val_14"},{"name":"val_15","title":"val_15","type":"string","rdfType":"http://www.w3.org/2001/XMLSchema#string","dwSourceId":"val_15"},{"name":"val_16","title":"val_16","type":"string","rdfType":"http://www.w3.org/2001/XMLSchema#string","dwSourceId":"val_16"},{"name":"val_17","title":"val_17","type":"string","rdfType":"http://www.w3.org/2001/XMLSchema#string","dwSourceId":"val_17"},{"name":"val_2","title":"val_2","type":"string","rdfType":"http://www.w3.org/2001/XMLSchema#string","dwSourceId":"val_2"},{"name":"val_3","title":"val_3","type":"string","rdfType":"http://www.w3.org/2001/XMLSchema#string","dwSourceId":"val_3"},{"name":"val_4","title":"val_4","type":"string","rdfType":"http://www.w3.org/2001/XMLSchema#string","dwSourceId":"val_4"},{"name":"val_5","title":"val_5","type":"string","rdfType":"http://www.w3.org/2001/XMLSchema#string","dwSourceId":"val_5"},{"name":"val_6","title":"val_6","type":"string","rdfType":"http://www.w3.org/2001/XMLSchema#string","dwSourceId":"val_6"},{"name":"val_7","title":"val_7","type":"string","rdfType":"http://www.w3.org/2001/XMLSchema#string","dwSourceId":"val_7"},{"name":"val_8","title":"val_8","type":"string","rdfType":"http://www.w3.org/2001/XMLSchema#string","dwSourceId":"val_8"},{"name":"val_9","title":"val_9","type":"string","rdfType":"http://www.w3.org/2001/XMLSchema#string","dwSourceId":"val_9"}]},"path":"data/image_attribute_tagging_dfe.csv","format":"csv"},{"name":"original/image-attribute-tagging-DFE.csv","path":"original/image-attribute-tagging-DFE.csv","format":"csv","mediatype":"text/csv","bytes":709953}],"keywords":["crowdsourced","categorization","metadta","images","photos","pictures","tagging"]}